Specimen,Fodrie,Fodrie_shark,FL (mm),STL (mm),Shark_species,Prey_Weight,Number.of.individuals.in.sample,Original_visual_ID,Visual_genus,Visual_ID,lowest_visual,BLAST_ID,BLAST_taxanomic_resolution,Accuracy,BLAST ID (common name),COI sequence name,COI BLAST score,COI species name,Crustacean_16S sequence name,Crustacean_16S BLAST score,Crustacean_16S species name,MiFish-U sequence name,MiFish-U BLAST score,MiFish-U species name,COI ceph sequence name,COI ceph BLAST score,COI ceph species name,COI trimmed sequence,Crustacean_16S trimmed sequence,MiFish-U trimmed sequence,COI ceph trimmed sequence
C1,BN3 6/11/19 1,BN3 6/11/19,872,920,Blacknose,3.11,1,Unidentified teleost,NA,Unidentified teleost,Class,Micropogonias,Genus,Unidentified general,Drums and croakers,18E_009_C1_M13F-21_A10.ab1,NA,Quality filtered,,,,16G_001_C1_MiFish_G08.ab1,217.178,Micropogonias,,,,TCTAAA,,TAGAAGGAAAACCAACTACTAAAGCCGAACGCCTTCAGGGCTGTTATACGCACATGAAGGTGAGAAGCCCACCCACGAAAGTGGCTTTATATCCTTGAATCCACGAAAGCTATGGCA,
C10,AS4 6/27/19 2,AS4 6/27/19,309,387,Atlantic Sharpnose,1.2,1,Farfantepenaeus aztecus,Farfantepenaeus,Farfantepenaeus aztecus,Species,Farfantepenaeus,Genus,Too specific,Shrimp,,,,21G_002_C10_BerryCrust_B07.ab1,274.424,Farfantepenaeus,,,,,,,,TTATAAATTATTAGTATAACTTGATATTAAGTGGTGTTTGTTGCGTTGGGGCGACGAGAATATAAAAGGTAACTGTTCTTATAACATTTAATAACAGAAATATCTGGAAATTTAATGATCCTTTTTTAAAGATCATAAGATTAAGTTA,,
C100,BH1 6/1/20 4,BH1 6/1/20,780,1000,Bonnethead,0.02,1,Penaeid shrimp,NA,Penaeid shrimp,Family,Farfantepenaeus,Genus,General,Shrimp,,,,16A_007_C100_BerryCrust_G01.ab1,283.658,Farfantepenaeus,,,,,,,,TTAAAAAAGGATCATTAAATTTCCAGATATTTCTGTTATTAAATGTTATAAGAACAGTTACCTTTTATATTCTCGTCGCCCCAACGCAACAAACACCACTTAATATCAAGTTATACTAATAATTTATAATATAAATGACTTATTGTCAAGCTT,,
C101,BH3 8/25/20 1,BH3 8/25/20,765,960,Bonnethead,35.92,2,Callinectes sapidus,Callinectes,Callinectes sapidus,Species,Callinectes sapidus,Species,Match,Atlantic blue crab,,,,24C_007_C101_BerryCrust_G03.ab1,259.651,Callinectes sapidus,,,,,,,,TTTTTATTATAATAATGATGATAAGAGAATTTATTTGGTTGGGGCAACCGAAGTATAATTTTAAATAACTGCTATAATTTAATACAATGATTTTTGTCTTATACAATAATTGATCCTCAAAGAGATTAAAGACCAAGTTA,,
C102,BH1 7/15/20 1,BH1 7/15/20,741,932,Bonnethead,117.8,2,Callinectes sapidus,Callinectes,Callinectes sapidus,Species,Callinectes sapidus,Species,Match,Atlantic blue crab,,,,24C_008_C102_BerryCrust_H03.ab1,267.038,Callinectes sapidus,,,,,,,,TTATTTTTTATTATAATAATGATGATAAGAGAATTTATTTGGTTGGGGCAACCGAAGTATAATTTTAAATAACTGCTATAATTTAATACAATGATTTTTGTCTTATACAATAATTGATCCTCAAAGAGATTAAAGACCAAGTTA,,
C103,BH1 8/12/20 1,BH1 8/12/20,932,1137,Bonnethead,24.91,1,Callinectes spp,Callinectes,Callinectes spp,Genus,Callinectes sapidus,Species,General,Atlantic blue crab,,,,16A_008_C103_BerryCrust_H01.ab1,244.878,Callinectes sapidus,,,,,,,,ATAAGACAAAAATCATTGTATTAAATTATAGCAGTTATTTAAAATTATACTTCGGTTGCCCCAACCAAATAAATTCTCTTATCATCATTATTATAATAAAAAATAAACGAAATTAATAAATTTATAAAGCTT,,
C104,BH1 8/12/20 2,BH1 8/12/20,932,1137,Bonnethead,19.91,1,Callinectes spp,Callinectes,Callinectes spp,Genus,Callinectes sapidus,Species,General,Atlantic blue crab,,,,17C_001_C104_BerryCrust_A03.ab1,296.584,Callinectes sapidus,,,,,,,,AATTTATTAATTTCGTTTATTTTTTATTATAATAATGATGATAAGAGAATTTATTTGGTTGGGGCAACCGAAGTATAATTTTAAATAACTGCTATAATTTAATACAATGATTTTTGTCTTATACAATAATTGATCCTCAAAGAGATTAAAGACCAAGTTA,,
C105,BH4 7/27/20 1,BH4 7/27/20,665,850,Bonnethead,60.44,2,Callinectes sapidus,Callinectes,Callinectes sapidus,Species,Callinectes sapidus,Species,Match,Atlantic blue crab,,,,17C_002_C105_BerryCrust_B03.ab1,267.038,Callinectes sapidus,,,,,,,,TTATTTTTTATTATAATAATGATGATAAGAGAATTTATTTGGTTGGGGCAACCGAAGTATAATTTTAAATAACTGCTATAATTTAATACAATGATTTTTGTCTTATACAATAATTGATCCTCAAAGAGATTAAAGACCAAGTTA,,
C106,BH4 7/27/20 2,BH4 7/27/20,665,850,Bonnethead,0.74,2,Barnacles,NA,Barnacles,Class,Chelonibia,Genus,General,Acorn barnacle,26H_013_C106_M13F-21_E11.ab1,NA,Host contamination,16A_009_C106_BerryCrust_A02.ab1,224.565,Chelonibia,,,,,,,ATTTATAATGTAATTGTAACTGCCCACGCTTTTGTAATAATCTTTTTTATAGTTATACCAATCATAATTGGTGGCTTTGGAAACTGACTGGTTCCTTTAATAATTGGTGCACCAGACATGGCCTTCCCACGAATAAATAACATAAGCTTCTGGCTCCTTCCACCATCATTCCTTCTACTACTAGCTTCTGCTGGGGTAGAAGCTGGAGCAGGCACCGGCTGAACAGTCTACCCTCCATTAGCTAGCAACTTAGCTCATGCTGGGCCATCTGTTGATTTAGCTATCTTTTCTCTCCATCTGGCTGGAGTATCGTCAATTCTAGCTTCAATCAATTTTATTACAACTATTATTAACATAAAACCCCCAGCCATTTCCCAGTACCAAACGCCATTATTTGTTTGATCTATCCTTGTGACTACTATTCTGCTACTCCTTTCCCTCCCAGTTCTTGCAGCAGGAATTACAATATTACTCACAGACCGCAACCTTAATACTACATTCTTTGATCCCTGCAGGAGGAGGAGATCCAAATCCTTTATCAACACCTA,CAATCCGCCTTTTATTAAAGTTTAAAAAATAAAGAGTTTTTTATATCTAAATGTCGCCCCAACAAAATAACTGAAGTAAATACCTCTCATAAAAATCCATGAGAAAGATATTTCCCTGATTATAAAACTC,,
C107,BH1 8/11/20 1,BH1 8/11/20,615,811,Bonnethead,11.51,1,Farfantepenaeus spp,Penaeus,Farfantepenaeus spp,Genus,Farfantepenaeus,Genus,Match,Shrimp,,,,16A_010_C107_BerryCrust_B02.ab1,255.958,Farfantepenaeus,,,,,,,,CATTAAATTTCCAGATATTTCTGTTATTAAATGTTATAAGAACAGTTACCTTTTATATTCTCGTCGCCCCAACGCAACAAACACCACTTAATATCAAGTTATACTAATAATTTATAATATAAATGAATTATTGTCAAGCTT,,
C108,BH1 8/11/20 2,BH1 8/11/20,615,811,Bonnethead,23.58,4,Callinectes sapidus,Callinectes,Callinectes sapidus,Species,Callinectes sapidus,Species,Match,Atlantic blue crab,,,,17C_003_C108_BerryCrust_C03.ab1,261.498,Callinectes sapidus,,,,,,,,TTATTTTTTATTATAATAATGATGATAAGAGAATTTATTTGGTTGGGGCAACCAGAAGTATAATTTTAAATAACTGCTATAATTTAATACAATGATTTTTGTCTTATACAATAATTGATCCTCAAAGAGATTAAAGACCAAGTTA,,
C109,BH1 8/11/20 3,BH1 8/11/20,615,811,Bonnethead,0.64,1,Unidentified portunid,NA,Unidentified portunid,Family,Callinectes sapidus,Species,General,Atlantic blue crab,,,,16A_011_C109_BerryCrust_C02.ab1,263.345,Callinectes sapidus,,,,,,,,CAATTATTGTATAAGACAAAAATCATTGTATTAAATTATAGCAGTTATTTAAAATTATACTTCGGTTGCCCCAACCAAATAAATTCTCTTATCATCATTATTATAATAAAAAATAAACGAAATTAATAAATTTATAAAGCTT,,
C11,AS4 6/27/19 3,AS4 6/27/19,309,387,Atlantic Sharpnose,2.52,1,Tunicate,NA,Tunicate,Subphylum,,NA,NA DNA,,,,,,,,,,,,,,,,,
C110,BH1 8/11/20 4,BH1 8/11/20,615,811,Bonnethead,1.99,1,Unidentified portunid,NA,Unidentified portunid,Family,Callinectes sapidus,Species,General,Atlantic blue crab,,,,16A_012_C110_BerryCrust_D02.ab1,263.345,Callinectes sapidus,,,,,,,,CAATTATTGTATAAGACAAAAATCATTGTATTAAATTATAGCAGTTATTTAAAATTATACTTCGGTTGCCCCAACCAAATAAATTCTCTTATCATCATTATTATAATAAAAAATAAACGAAATTAATAAATTTATAAAGCTT,,
C111,BH1 8/11/20 5,BH1 8/11/20,615,811,Bonnethead,2.93,1,Callinectes spp,Callinectes,Callinectes spp,Genus,Callinectes sapidus,Species,General,Atlantic blue crab,,,,17C_004_C111_BerryCrust_D03.ab1,154.392,Callinectes sapidus,,,,,,,,ATTTTAAATAACTGCTATAATTTAATACAATGATTTTTGTCTTATACAATAATTGATCCTCAAAGAGATTAAAGACCAAGTTA,,
C112,BH2 8/11/20 1,BH2 8/11/20,888,1120,Bonnethead,15.55,1,Callinectes spp,Callinectes,Callinectes spp,Genus,Callinectes sapidus,Species,General,Atlantic blue crab,,,,16A_013_C112_BerryCrust_E02.ab1,263.345,Callinectes sapidus,,,,,,,,CAATTATTGTATAAGACAAAAATCATTGTATTAAATTATAGCAGTTATTTAAAATTATACTTCGGTTGCCCCAACCAAATAAATTCTCTTATCATCATTATTATAATAAAAAATAAACGAAATTAATAAATTTATAAAGCTT,,
C113,BH4 8/25/20 1,BH4 8/25/20,786,991,Bonnethead,20.29,1,Callinectes spp,Callinectes,Callinectes spp,Genus,Callinectes sapidus,Species,General,Atlantic blue crab,,,,16A_016_C113_BerryCrust_H02.ab1,263.345,Callinectes sapidus,,,,,,,,CAATTATTGTATAAGACAAAAATCATTGTATTAAATTATAGCAGTTATTTAAAATTATACTTCGGTTGCCCCAACCAAATAAATTCTCTTATCATCATTATTATAATAAAAAATAAACGAAATTAATAAATTTATAAAGCTT,,
C114,BH5 8/25/20 1,BH5 8/25/20,842,1034,Bonnethead,77,2,Callinectes sapidus,Callinectes,Callinectes sapidus,Species,Callinectes sapidus,Species,Match,Atlantic blue crab,,,,17C_005_C114_BerryCrust_E03.ab1,204.252,Callinectes sapidus,,,,,,,,AATTTATTTGGTTGGGGCAACCAGAAGTATAATTTTAAATAACTGCTATAATTTAATACAATGATTTTTGTCTTATACAATAATTGATCCTCAAAGAGATTAAAGACCAAGTTA,,
C115,BH5 8/25/20 2,BH5 8/25/20,842,1034,Bonnethead,1.81,1,Unidentified crab,NA,Unidentified crab,Order,Callinectes sapidus,Species,Unidentified general,Atlantic blue crab,,,,17C_006_C115_BerryCrust_F03.ab1,261.498,Callinectes sapidus,,,,,,,,TTATTTTTTATTATAATAATGATGATAAGAGAATTTATTTGGTTGGGGCAACCAGAAGTATAATTTTAAATAACTGCTATAATTTAATACAATGATTTTTGTCTTATACAATAATTGATCCTCAAAGAGATTAAAGACCAAGTTA,,
C116,BT1 7/10/20 2,BT1 7/10/20,980,1193,Blacktip,1.88,1,Unidentified teleost,NA,Unidentified teleost,Class,Brevoortia,Genus,Unidentified general,Menhaden,,,,,,,16A_014_C116_MiFish_F02.ab1,255.958,Brevoortia,,,,,,AAAGCTACTTTCGTGTATATAATTCGAACCCCTAGGTGCGTATGACGGCCTAAGGGGTCTTCGGCTTTAGTATTTAGTTCTCCATAACCACTCTTTACGCCGAGTGAATCAACTAGGGCCTCTCGTATAACCGCGGTG,
C117,BH1 6/30/20 1,BH1 6/30/20,891,1071,Bonnethead,124.97,3,Callinectes sapidus,Callinectes,Callinectes sapidus,Species,Callinectes sapidus,Species,Match,Atlantic blue crab,,,,17C_007_C117_BerryCrust_G03.ab1,267.038,Callinectes sapidus,,,,,,,,TTATTTTTTATTATAATAATGATGATAAGAGAATTTATTTGGTTGGGGCAACCGAAGTATAATTTTAAATAACTGCTATAATTTAATACAATGATTTTTGTCTTATACAATAATTGATCCTCAAAGAGATTAAAGACCAAGTTA,,
C118,BH6 8/25/20 1,BH6 8/25/20,906,1103,Bonnethead,61.88,4,Callinectes sapidus,Callinectes,Callinectes sapidus,Species,Callinectes sapidus,Species,Match,Atlantic blue crab,,,,17C_008_C118_BerryCrust_H03.ab1,154.392,Callinectes sapidus,,,,,,,,ATTTTAAATAACTGCTATAATTTAATACAATGATTTTTGTCTTATACAATAATTGATCCTCAAAGAGATTAAAGACCAAGTTA,,
C119,BH1 6/26/20 1,BH1 6/26/20,978,1210,Bonnethead,117.75,1,Callinectes sapidus,Callinectes,Callinectes sapidus,Species,Callinectes sapidus,Species,Match,Atlantic blue crab,,,,17C_009_C119_BerryCrust_A04.ab1,259.651,Callinectes sapidus,,,,,,,,TTTTTATTATAATAATGATGGTAAGAAAATTTATTTGGTTGGGGCAACCGAAGTATAATTTTAAATAACTGCTATAATTTAATACAATGATTTTTGTCTTATACAATAATTGATCCTCAAAGAGATTAAAGATCAAGTTA,,
C12,AS4 6/27/19 4,AS4 6/27/19,309,387,Atlantic Sharpnose,3.64,1,Tunicate,NA,Tunicate,Subphylum,,NA,NA DNA,,21F_006_C12_M13F-21_G12.ab1,NA,Quality filtered,,,,,,,,,,,,,
C120,AS7 8/18/20 1,AS7 8/18/20,705,864,Atlantic Sharpnose,4.41,1,Callinectes spp,Callinectes,Callinectes spp,Genus,Arenaeus cribrarius,Species,Wrong visual,Speckled swimming crab,,,,17C_010_C120_BerryCrust_B04.ab1,267.038,Arenaeus cribrarius,,,,,,,,ATATTTTATATTATAATAATGATTTATTGAGTACTTATTTGGTTGGGGCAACAAGAGTATAATAAAAAGTAACTGCTAATGTTTAAAACAATTATATTTGATTTAAGAGTAATTGATCCCCCAGGGGATTAAAAGATCAAGCTA,,
C121,BH2 7/10/20 1,BH2 7/10/20,780,949,Bonnethead,107.58,3,Callinectes sapidus,Callinectes,Callinectes sapidus,Species,Callinectes sapidus,Species,Match,Atlantic blue crab,,,,16G_009_C121_BerryCrust_G09.ab1,226.412,Callinectes sapidus,,,,,,,,TGATAAGAGAATTTATTTGGTTGGGGCAACCGAAGTATAATTTTAAATAACTGCTATAATTTAATACAATGATTTTTGTCTTATACAATAATTGATCCTCAAAGAGATTAAAGACCAAGTTA,,
C13,AS2 8/20/19 1,AS2 8/20/19,348,431,Atlantic Sharpnose,0.55,1,Unidentified teleost,NA,Unidentified teleost,Class,Engraulidae,Family,Unidentified general,Anchovy,26G_001_C13_M13F-21_E09.ab1,NA,Quality filtered,,,,20E_002_C13_MiFish_B08.ab1,255.958,Engraulidae,,,,CCC,,AAAAGCGGCGTAAAGAGTGGTTATGGACTTTTTTTACTAAAGTGGAAAACCTCTCAAACTGTTATACGCACCCAGAAGTTGAAACCCCTTACACGAAAGTGACTTTATCTTCGCCCACCAGAACCCACGAAAGCTGAGACA,
C14,AS2 8/20/19 2,AS2 8/20/19,348,431,Atlantic Sharpnose,5.05,1,Brown shrimp,Farfantepenaeus,Farfantepenaeus aztecus,Species,Farfantepenaeus,Genus,Too specific,Shrimp,,,,21G_003_C14_BerryCrust_C07.ab1,274.424,Farfantepenaeus,,,,,,,,TTATAAATTATTAGTATAACTTGATATTAAGTGGTGTTTGTTGCGTTGGGGCGACGAGAATATAAAAGGTAACTGTTCTTATAACATTTAATAACAGAAATATCTGGAAATTTAATGATCCTTTTTTAAAGATCATAAGATTAAGTTA,,
C15,AS2 8/20/19 3,AS2 8/20/19,348,431,Atlantic Sharpnose,0.15,1,Unidentified teleost,NA,Unidentified teleost,Class,Anchoa hepsetus,Species,Unidentified general,Broad-striped anchovy,26G_002_C15_M13F-21_F09.ab1,1094.34,Anchoa hepsetus,,,,,,,,,,CCTCATCCGAGCAGAATTAAGCCAGCCAGGAGCACTTCTGGGGGACGATCAGATCTACAATGTAATCGTGACTGCTCACGCATTCGTAATAATCTTTTTTATAGTAATGCCCATCCTAATCGGTGGGTTCGGAAATTGACTGGTCCCTTTAATACTAGGGGCCCCAGACATGGCATTCCCTCGAATGAACAACATGAGCTTTTGACTTCTCCCTCCTTCATTTCTACTTCTTCTTGCATCATCTGGAGTTGAAGCCGGAGCTGGAACAGGGTGAACAGTTTACCCCCCTTTATCAGGAAATCTTGCTCACGCCGGAGCATCAGTAGATTTAACAATCTTTTCTCTTCACTTGGCAGGGATCTCGTCAATCTTAGGTGCCATTAATTTTATCACTACTATCATTAATATGAAACCACCTGCTATTTCACAATACCAGACACCTTTATTTGTCTGAGCTGTGTTGATCACGGCAGTACTTTTACTCCTTTCACTCCCTGTTCTAGCTGCTGGAATTACTATGCTTCTCACAGACCGAAACCTCAACACCACTTTCTTCGACCCGGCAGGGGGAGGAGATCCAATTCTTTACCAACACTTA,,,
C16,AS2 8/20/19 4,AS2 8/20/19,348,431,Atlantic Sharpnose,0.19,1,Unidentified teleost,NA,Unidentified teleost,Class,Chloroscombrus chrysurus,Species,Unidentified general,Atlantic bumper,26H_008_C16_M13F-21_H10.ab1,734.24,Chloroscombrus chrysurus,,,,,,,,,,ATATAAGCTTTTGACTACTTCCTCCTTCTTTCCTCCTGCTTTTAGCCTCTTCAGGAGTAGAAGCCGGGGCTGGAACTGGCTGAACTGTATACCCCCCACTAGCCGGCAACCTCGCTCACGCCGGGGCCTCCGTAGACCTGACTATTTTCTCCCTTCACTTAGCAGGTGTTTCATCCATCCTGGGAGCAATCAACTTTATTACAACAATTCTTAACATGAAACCCCCCGCAATATCAATGTACCAGGCCCCACTATTCGTTTGATCTGTTTTAATTACAGCTGTTCTCCTCCTCCTATCCCTGCCAGTTCTCGCTGCCGGGATTACAATACTCCTGACAGACCGTAACCTGAATACTGCTTTCTTTGACCCAGCAGGAGGTGGGGACCCCATTCTCTA,,,
C17,AS6 10/15/19 1,AS6 10/15/19,678,828,Atlantic Sharpnose,20.45,1,Unidentified teleost,NA,Unidentified teleost,Class,Cynoscion nothus,Species,Unidentified general,Silver seatrout,22F_001_C17_M13F-21_A11.ab1,1055.56,Cynoscion nothus,,,,,,,,,,AGGCGCACTCCTTGGAGATGACCAGGTCTATAACGTAATTGTTACAGCACACGCCTTTGTTATAATTTTCTTTATAGTAATACCCATCATAATTGGAGGGTTCGGAAACTGACTTGTACCATTAATGATTGGAGCCCCCGACATAGCATTTCCTCGAATGAACAATATAAGCTTCTGACTTCTTCCCCCCTCCTTCCTCCTTCTCCTAACCTCTTCAGGAGTAGAGGCAGGGGCCGGGACAGGCTGAACAGTCTACCCCCCACTTGCAGGCAACCTCGCCCACGCAGGGGCCTCCGTTGACTTAGCTATCTTCTCCCTACACCTCGCAGGTGTCTCATCAATTCTAGGGGCCATTAACTTTATTACAACAATTATTAATATGAAACCCCCTGCTATTTCCCAATATCAAACGCCCTTATTTGTATGGGCTGTTCTAATTACAGCTGTTCTCCTACTACTCTCACTCCCCGTCTTAGCTGCCGGCATTACAATGCTTCTGACAGACCGCAACCTAAATACAACCTTCTTTGACCCAGCAGGGGGAGGGGATCCCATTCTTTACCAACATTTA,,,
C18,AS6 10/15/19 2,AS6 10/15/19,678,828,Atlantic Sharpnose,3.2,1,Unidentified teleost,NA,Unidentified teleost,Class,Anchoa hepsetus,Species,Unidentified general,Broad-striped anchovy,22F_002_C18_M13F-21_B11.ab1,1059.25,Anchoa hepsetus,,,,,,,,,,CAGCCAGGAGCACTTCTGGGGGACGATCAGATCTACAATGTAATCGTGACTGCTCACGCATTCGTAATAATCTTTTTTATAGTAATGCCCATCCTAATCGGTGGGTTCGGAAATTGACTAGTCCCTTTAATACTAGGGGCCCCAGACATGGCATTCCCTCGAATGAACAACATGAGCTTTTGACTTCTCCCTCCTTCATTTCTACTTCTTCTTGCATCATCTGGAGTTGAAGCCGGAGCTGGAACAGGGTGAACAGTTTACCCCCCCTTATCAGGAAATCTTGCTCACGCCGGAGCATCAGTAGATTTAACAATCTTTTCTCTCCACTTGGCAGGGATCTCGTCAATCTTAGGTGCCATTAATTTTATCACTACTATCATTAATATGAAACCACCTGCTATTTCACAATACCAGACACCTTTATTTGTCTGAGCTGTGTTGATCACGGCAGTACTTTTACTCCTTTCACTCCCTGTTCTAGCTGCCGGAATTACTATGCTTCTCACAGACCGAAACCTCAACACCACTTTCTTCGACCCGGCAGGGGGAGGAGACCCAATTCTTTACCAACACTTA,,,
C19,BN3 8/24/20 1,BN3 8/24/20,861,1054,Blacknose,19.47,2,Pinfish,Lagodon,Pinfish,Species,Lagodon rhomboides,Species,Match,Pinfish,18E_008_C19_M13F-21_H09.ab1,1048.17,Lagodon rhomboides,,,,,,,,,,GCTCTCCTAGGAGACGACCAGATTTATAATGTAATTGTTACAGCACATGCATTTGTAATAATTTTCTTTATAGTAATACCAATTATGATTGGAGGATTCGGAAACTGACTAATTCCACTAATGATCGGAGCCCCCGACATAGCATTCCCCCGAATAAATAATATGAGCTTCTGACTGCTACCTCCGTCATTCCTCCTACTACTCGCCTCTTCCGGAGTCGAAGCTGGGGCCGGTACCGGCTGAACAGTCTACCCTCCATTGGCAGGAAATCTTGCCCATGCAGGAGCATCAGTTGACTTAACCATTTTCTCTCTCCACTTAGCTGGAATTTCATCTATTCTTGGTGCTATTAATTTTATTACCACCATTATCAATATGAAACCCCCCGCTATTTCACAGTATCAAACACCACTATTTGTATGAGCCGTTCTAATTACCGCCGTCCTGCTTCTCCTGTCTCTTCCAGTTCTTGCTGCCGGAATCACAATGCTTCTTACAGATCGAAATCTAAATACCACCTTCTTTGACCCAGCTGGAGGAGGAGACCCAATTCTCTATCAACATCTA,,,
C2,BN3 6/11/19 2,BN3 6/11/19,872,920,Blacknose,4.33,1,Unidentified teleost,NA,Unidentified teleost,Class,Micropogonias undulatus,Species,Unidentified general,Atlantic croaker,18E_001_C2_M13F-21_A09.ab1,1014.93,Micropogonias undulatus,,,,,,,,,,AATTCGAGCCGAACTTAGCCAACCTGGCGCACTCCTCGGAGACGACCAAATTTATAACGTAATCGTTACGGCACATGCCTTCGTCATAATTTTCTTTATAGTAATGCCCATTATGATTGGAGGCTTTGGAAACTGACTTGTACCCCTAATGATTGGGGCCCCTGACATAGCATTCCCCCGAATAAATAATATGAGCTTCTGACTCCTCCCCCCTTCTTTCCTGCTGCTCCTAACCTCCTCAGGGGTAGAAGCAGGTGCCGGAACGGGCTGAACAGTCTATCCCCCACTCGCCGGAAATCTTGCACACGCAGGGGCCTCTGTCGACTTGGCCATTTTTTCCCTTCATCTCGCAGGTGTATCATCAATTTTAGGGGCTATTAACTTCATCACAACAATTATTAACATGAAACCCCCAGCCATCTCCCAATATCAGACACCCCTATTTGTATGAGCCGTTTTAATTACAGCTGTACTACTTCTGCTCTCACTCCCTGTCCTAGCTGCCGGCATTACGATACTTCTAACAGACCGCAACCTTAATACAACCTT,,,
C20,BN3 8/24/20 2,BN3 8/24/20,861,1054,Blacknose,10.63,1,Unidentified teleost,NA,Unidentified teleost,Class,Trichiurus lepturus,Species,Unidentified general,Largehead hairtail,,,,,,,20E_003_C20_MiFish_C08.ab1,200.558,Trichiurus lepturus,,,,,,ATTAAAAATTAAAGCCGAACACCCCTTAAGCCGTCAAAAGCTTATAGAGGCATGAAGCCCACTTACGAAAGTAGCTTTATACTTCCTGAACCCACGAAAGCTAAGAAA,
C21,BN3 8/24/20 3,BN3 8/24/20,861,1054,Blacknose,6.66,1,Unidentified teleost,NA,Unidentified teleost,Class,Trichiurus lepturus,Species,Unidentified general,Largehead hairtail,26H_001_C21_M13F-21_A10.ab1,82.3729,Trichiurus lepturus,,,,,,,,,,CTGATGATTGGGGCCCCCGACATGGCATTCCCACGAATGAATAA,,,
C22,BN3 8/24/20 4,BN3 8/24/20,861,1054,Blacknose,15.61,1,Unidentified teleost,NA,Unidentified teleost,Class,Trichiurus lepturus,Species,Unidentified general,Largehead hairtail,26H_006_C22_M13F-21_F10.ab1,937.372,Trichiurus lepturus,,,,,,,,,,GGGATGACCAAATTTATAATGTTATCGTTACAGCCCATGCCTTCGTGATAATTTTCTTTATAGTAATACCAATCATGATTGGAGGGTTCGGAAACTGACTTATCCCCCTGATGATTGGGGCCCCCGACATGGCATTCCCACGAATGAATAACATAAGCTTCTGGCTTCTACCCCCTTCTTTCCTTCTTCTTCTAGCTTCTTCCGGAGTTGAAGCAGGAGCCGGAACTGGTTGAACCGTCTACCCCCCACTAGCCGGCAACCTAGCACATGCAGGCGCATCAGTTGATTTAACCATTTTCTCCCTCCACTTAGCAGGAATTTCTTCCATCTTAGGCGCCATTAACTTTATTACAACAATTCTGAACATGAAGCCTGCAGCCATCACCCAATTTCAAACCCCTCTGTTCGTCTGATCAGTTCTAATTACAGCTGTCCTTTTACTTCTTTCCCTCCCAGTTCTTGCAGCTGGAATTACAATACTTCTGACTGACCGCAATCTTAACACTA,,,
C23,BN3 8/24/20 5,BN3 8/24/20,861,1054,Blacknose,6.87,1,Unidentified teleost,NA,Unidentified teleost,Class,,NA,NA DNA,,26H_005_C23_M13F-21_E10.ab1,NA,Quality filtered,,,,,,,,,,CCGTCGTTTT,,,
C24,BN3 8/24/20 6,BN3 8/24/20,861,1054,Blacknose,3.82,1,Unidentified teleost,NA,Unidentified teleost,Class,Leiostomus xanthurus,Species,Unidentified general,Spot croaker,26H_004_C24_M13F-21_D10.ab1,NA,Quality filtered,,,,16G_003_C24_MiFish_A09.ab1,272.578,Leiostomus xanthurus,,,,,,CCAAGTCGATAGTTTACGGCGTAAAGAGTGGTTAGAAGAAATACATAACTAAAGCCGAACACCCTCAAAGCTGTTATACGCATCCGAAGGTGAGAAGCCCACCCACGAAAGTGGCTTTACAACTTTGAATCCACGAAAGCTATGGTA,
C25,BN3 8/24/20 7,BN3 8/24/20,861,1054,Blacknose,2.87,1,Unidentified teleost,NA,Unidentified teleost,Class,Leiostomus xanthurus,Species,Unidentified general,Spot croaker,,,,,,,20E_004_C25_MiFish_D08.ab1,254.111,Leiostomus xanthurus,,,,,,AGTTTACGGCGTAAAGAGTGGTTAGAAGAAATACATAACTAAAGCCGAACACCCTCAAAGCTGTTATACGCATCCGAAGGTGAGAAGCCCACCCACGAAAGTGGCTTTACAACTTTGAATCCACGAAAGCTATGGTA,
C26,BN3 8/24/20 8,BN3 8/24/20,861,1054,Blacknose,0.2,1,Unidentified teleost,NA,Unidentified teleost,Class,Trichiurus lepturus,Species,Unidentified general,Largehead hairtail,18E_012_C26_M13F-21_D10.ab1,822.879,Trichiurus lepturus,,,,,,,,,,CATGAGCCGGAATGGTAGGCACAGCCTTAAGCCTTCTCATCCGAGCAGAGCTAAGCCAGCCCGGCTCCCTCCTAGGGGATGACCAAATTTATAATGTTATCGTTACAGCCCATGCCTTCGTGATAATTTTCTTTATAGTAATACCAATCATGATTGGAGGGTTCGGAAACTGACTTATCCCCCTAATGATTGGGGCCCCCGACATGGCATTCCCACGAATGAATAACATAAGCTTCTGGCTTCTACCCCCTTCTTTCCTTCTTCTTCTAGCTTCTTCCGGAGTTGAAGCAGGAGCCGGAACTGGTTGAACCGTCTACCCCCCACTAGCCGGCAACCTAGCACATGCAGGCGCATCAGTTGATTTAACCATTTTCTCCCTCCACTTAGCAGGAATTTCTTCCATCTTAGGCGCCATTAACTTTATTACAACAATTCTGAACATGAAGCC,,,
C27,BT1 8/24/20 1,BT1 8/24/20,902,1143,Blacktip,,,Unidentified teleost,NA,Unidentified teleost,Class,,NA,NA DNA,,18E_013_C27_M13F-21_E10.ab1,NA,Quality filtered,,,,,,,,,,ATAATTTTCTTTATAG,,,
C28,BN4 8/24/20 3,BN4 8/24/20,970,1193,Blacknose,6.83,1,Unidentified teleost,NA,Unidentified teleost,Class,Leiostomus xanthurus,Species,Unidentified general,Spot croaker,,,,,,,20E_005_C28_MiFish_E08.ab1,254.111,Leiostomus xanthurus,,,,,,AGTTTACGGCGTAAAGAGTGGTTAGAAGAAATACATAACTAAAGCCGAACACCCTCAAAGCTGTTATACGCATCCGAAGGTGAGAAGCCCACCCACGAAAGTGGCTTTACAACTTTGAATCCACGAAAGCTATGGTA,
C29,BN4 8/24/20 4,BN4 8/24/20,970,1193,Blacknose,4.97,1,Unidentified teleost,NA,Unidentified teleost,Class,Leiostomus xanthurus,Species,Unidentified general,Spot croaker,18E_016_C29_M13F-21_H10.ab1,1105.42,Leiostomus xanthurus,,,,,,,,,,CCTAATCCGAGCAGAGCTTAGTCAACCTGGCTCACTCCTCGGAGATGACCAGATTTATAACGTAATCGTTACAGCACATGCCTTCGTTATAATTTTCTTTATAGTAATGCCCATCATGATTGGAGGGTTTGGCAACTGACTCATTCCACTAATGATCGGAGCCCCCGACATGGCATTTCCTCGAATGAATAATATGAGCTTCTGACTCCTCCCTCCTTCCTTCCTTCTGCTCCTTACCTCTTCAGGGGTAGAGGCAGGGGCCGGAACAGGGTGAACAGTCTATCCCCCACTCGCCGGGAACCTTGCACACGCAGGTGCTTCCGTCGACCTGGCCATTTTCTCCCTCCACCTCGCAGGTGTTTCATCAATTCTAGGGGCCATTAATTTTATTACAACCATCGTTAACATGAAACCTCCTGCCATCTCGCAGTACCAGACACCTTTATTTGTATGAGCCGTGCTAATTACAGCCGTCCTTCTCCTACTTTCACTCCCTGTATTAGCTGCTGGCATTACAATGCTTCTCACAGACCGCAACCTAAACACAACCTTCTTCGATCCCGCAGGAGGGGGTGATCCCATTCTTTATCAACACTTA,,,
C3,BN3 6/11/19 3,BN3 6/11/19,872,920,Blacknose,0.62,1,Unidentified teleost,NA,Unidentified teleost,Class,Anchoa hepsetus,Species,Unidentified general,Broad-striped anchovy,18E_011_C3_M13F-21_C10.ab1,1016.78,Anchoa hepsetus,,,,,,,,,,GGACGATCAGATCTACAATGTAATCGTGACTGCTCACGCATTCGTAATAATCTTTTTTATAGTAATGCCCATCCTAATCGGTGGGTTCGGAAATTGACTAGTCCCTTTAATACTAGGGGCCCCAGACATGGCATTCCCTCGAATGAACAACATGAGCTTTTGACTTCTCCCTCCTTCATTTCTACTTCTTCTTGCATCATCTGGAGTTGAAGCCGGAGCTGGAACAGGGTGAACAGTTTACCCCCCCTTATCAGGAAATCTTGCTCACGCCGGAGCATCAGTAGATTTAACAATCTTTTCTCTCCACTTGGCAGGGATCTCGTCAATCTTAGGTGCCATTAATTTTATCACTACTATCATTAATATAAAACCACCTGCTATTTCACAATACCAGACACCTTTATTTGTCTGAGCTGTGTTGATCACGGCAGTACTTTTACTCCTTTCACTCCCTGTTCTAGCTGCTGGAATTACTATGCTTCTCACAGACCGAAACCTCAACACCACTTTCTTCGACCCAGCAGGAGGGAGGAGATCCAATTCTTTACCAACACTTA,,,
C30,BN4 8/24/20 5,BN4 8/24/20,970,1193,Blacknose,2.41,1,Unidentified teleost,NA,Unidentified teleost,Class,Leiostomus xanthurus,Species,Unidentified general,Spot croaker,26H_003_C30_M13F-21_C10.ab1,1175.59,Leiostomus xanthurus,,,,,,,,,,ACCTGATTTTTGGTGCATGAGCCGGAATAGTAGGCACAGCCTTGAGCCTCCTAATCCGAGCAGAGCTTAGTCAACCTGGCTCACTCCTCGGAGATGACCAGATTTATAACGTAATCGTTACAGCACATGCCTTCGTTATAATTTTCTTTATAGTAATGCCCATCATGATTGGAGGGTTTGGCAACTGACTCATTCCACTAATGATCGGAGCCCCCGACATGGCATTTCCTCGAATGAATAATATGAGCTTCTGACTCCTCCCTCCTTCCTTCCTTCTGCTCCTTACCTCTTCAGGGGTAGAGGCAGGGGCCGGAACAGGGTGAACAGTCTATCCCCCACTCGCCGGGAACCTTGCACACGCAGGTGCTTCCGTCGACCTGGCCATTTTCTCCCTCCACCTCGCAGGTGTTTCATCAATTCTAGGGGCCATTAATTTTATTACAACCATCGTTAACATGAAACCTCCTGCCATCTCGCAGTACCAGACACCTTTATTTGTATGAGCCGTGCTAATTACAGCCGTCCTTCTCCTACTTTCACTCCCTGTATTAGCTGCTGGCATTACAATGCTTCTCACAGACCGCAACCTAAACACAACCTTCTTCGATCCCGCAGGAGGGGGTGATCCCATTCTTT,,,
C31,BN1 8/29/19 1,BN1 8/29/19,984,1111,Blacknose,6.97,1,Atlantic Croaker,Micropogonias,Atlantic Croaker,Species,Micropogonias undulatus,Species,Match,Atlantic croaker,18E_017_C31_M13F-21_A11.ab1,1103.57,Micropogonias undulatus,,,,,,,,,,CTAATTCGAGCCGAACTTAGCCAACCTGGCGCACTCCTCGGAGACGACCAAATTTATAACGTAATCGTTACGGCACATGCCTTCGTCATAATTTTCTTTATAGTAATGCCCATTATGATTGGAGGCTTTGGAAACTGACTTGTACCCCTAATGATTGGGGCCCCTGACATAGCATTCCCCCGAATAAATAATATGAGCTTCTGACTCCTCCCCCCTTCTTTCCTGCTGCTCCTAACCTCCTCAGGGGTAGAAGCAGGTGCCGGAACGGGCTGAACAGTCTATCCCCCACTCGCCGGAAATCTTGCACACGCAGGGGCCTCTGTCGACTTGGCCATTTTTTCCCTTCATCTCGCAGGTGTATCATCAATTTTAGGGGCTATTAACTTCATCACAACAATTATTAACATGAAACCCCCAGCCATCTCCCAATATCAGACACCCCTATTTGTATGAGCCGTTTTAATTACAGCTGTACTACTTCTGCTCTCACTCCCTGTCCTAGCTGCCGGCATTACGATACTTCTAACAGACCGCAACCTTAATACAACCTTTTTTGACCCAGCAGGAGGAGGAGACCCAATTCTTTACCAACACTTA,,,
C32,BN4 8/24/20 3,BN4 8/24/20,970,1193,Blacknose,6.83,1,Unidentified teleost,NA,Unidentified teleost,Class,Leiostomus xanthurus,Species,Unidentified general,Spot croaker,18E_018_C32_M13F-21_B11.ab1,1105.42,Leiostomus xanthurus,,,,,,,,,,CCTAATCCGAGCAGAGCTTAGTCAACCTGGCTCACTCCTCGGAGATGACCAGATTTATAACGTAATCGTTACAGCACATGCCTTCGTTATAATTTTCTTTATAGTAATGCCCATCATGATTGGAGGGTTTGGCAACTGACTCATTCCACTAATGATCGGAGCCCCCGACATGGCATTTCCTCGAATGAATAATATGAGCTTCTGACTCCTCCCTCCTTCCTTCCTTCTGCTCCTTACCTCTTCAGGGGTAGAGGCAGGGGCCGGAACAGGGTGAACAGTCTATCCCCCACTCGCCGGGAACCTTGCACACGCAGGTGCTTCCGTCGACCTGGCCATTTTCTCCCTCCACCTCGCAGGTGTTTCATCAATTCTAGGGGCCATTAATTTTATTACAACCATCGTTAACATGAAACCTCCTGCCATCTCGCAGTACCAGACACCTTTATTTGTATGAGCCGTGCTAATTACAGCCGTCCTTCTCCTACTTTCACTCCCTGTATTAGCTGCTGGCATTACAATGCTTCTCACAGACCGCAACCTAAACACAACCTTCTTCGATCCCGCAGGAGGGGGTGATCCCATTCTTTATCAACACTTA,,,
C33,BN4 8/24/20 4,BN4 8/24/20,970,1193,Blacknose,4.97,1,Unidentified teleost,NA,Unidentified teleost,Class,Leiostomus xanthurus,Species,Unidentified general,Spot croaker,20A_001_C33_M13F-21_A01.ab1,115.613,Leiostomus xanthurus,,,,,,,,,,TCAATTCTAGGGGCCATTAATTTTATTACAACCATCGTTAACATGAAACCTCCTGCCATCTC,,,
C34,BN4 8/24/20 5,BN4 8/24/20,970,1193,Blacknose,2.41,1,Unidentified teleost,NA,Unidentified teleost,Class,Leiostomus xanthurus,Species,Unidentified general,Spot croaker,18E_015_C34_M13F-21_G10.ab1,1005.7,Leiostomus xanthurus,,,,,,,,,,TTATAACGTAATCGTTACAGCACATGCCTTCGTTATAATTTTCTTTATAGTAATGCCCATCATGATTGGAGGGTTTGGCAACTGACTCATTCCACTAATGATCGGAGCCCCCGACATGGCATTTCCTCGAATGAATAATATGAGCTTCTGACTCCTCCCTCCTTCCTTCCTTCTGCTCCTTACCTCTTCAGGGGTAGAGGCAGGGGCCGGAACAGGGTGAACAGTCTATCCCCCACTCGCCGGGAACCTTGCACACGCAGGTGCTTCCGTCGACCTGGCCATTTTCTCCCTCCACCTCGCAGGTGTTTCATCAATTCTAGGGGCCATTAATTTTATTACAACCATCGTTAACATGAAACCTCCTGCCATCTCGCAGTACCAGACACCTTTATTTGTATGAGCCGTGCTAATTACAGCCGTCCTTCTCCTACTTTCACTCCCTGTATTAGCTGCTGGCATTACAATGCTTCTCACAGACCGCAACCTAAACACAACCTTCTTCGATCCCGCAGGAGGGGGTGATCCCATTCTTTATCAACACTTA,,,
C35,AS1 9/17/19 1,AS1 9/17/19,368,459,Atlantic Sharpnose,20.52,1,Atlantic Croaker,Micropogonias,Atlantic Croaker,Species,,NA,NA DNA,,20A_002_C35_M13F-21_B01.ab1,NA,Quality filtered,,,,,,,,,,CGTCGTGAGCTTACTCTTCGCGAA,,,
C36,AS1 7/27/20 1,AS1 7/27/20,343,430,Atlantic Sharpnose,0.86,1,Unidentified teleost,NA,Unidentified teleost,Class,Cynoscion,Genus,Unidentified general,Drums and croakers,18E_010_C36_M13F-21_B10.ab1,NA,Host contamination,,,,19H_008_C36_MiFish_H08.ab1,244.878,Cynoscion,,,,CTAATTCGAGCCGAACTCGGTCAACCTGGATCTCTCTTAGGAGATGATCAGATTTATAATGTGATCGTAACTGCCCACGCTTTTGTAATAATCTTCTTTATGGTAATGCCAATTATAATTGGTGGTTTCGGAAATTGACTGGTTCCCTTAATAATTGGTGCACCAGATATAGCCTTCCCACGAATAAATAACATGAGCTTTTGACTCCTTCCACCTTCATTCCTTCTTCTCCTAGCTTCTGCTGGAGTAGAAGCTGGAGCAGGTACTGGTTGAACAGTCTATCCCCCATTAGCTAGTAACATAGCTCACGCTGGACCATCTGTTGATCTGGCTATTTTCTCCCTTCATTTAGCCGGTGTTTCATCAATTTTAGCCTCAATTAACTTTATTACAACCATTATCAACATAAAACCACCAGCTATTTCCCAATATCAAACACCTTTATTTGTTTGATCTATTCTTGTAACTACTATTCTCCTTCTCCTTTCACTTCCAGTCCTTGCAGCAGGAATTACAATATTACTTACAGATCGCAACCTTAATACCACATTCTTTGACCCTGCAGGTGGGGGAGACCCAATTCTTTACCAACACCTA,,CTTTCGTGGGTGGGCTTCTCACCCTCGGGTGCGTATAACAGCTTTGAGGGCGTTCGGCTTTAGTAACGGGTTTCTTCTAACCACTCTTTACGCCGTTGACTATCTACTTGGGCCTCTCGTATAACCGCGGTG,
C37,AS1 10/15/19 1,AS1 10/15/19,728,882,Atlantic Sharpnose,4.25,1,Pinfish,Lagodon,Pinfish,Species,,NA,NA DNA,,20A_003_C37_M13F-21_C01.ab1,NA,Quality filtered,,,,,,,,,,GGCATTACG,,,
C38,AS1 10/15/19 2,AS1 10/15/19,728,882,Atlantic Sharpnose,0.12,1,Unidentified sciaenid,NA,Unidentified sciaenid,Family,,NA,NA DNA,,21F_005_C38_M13F-21_F12.ab1,NA,Quality filtered,,,,,,,,,,CTCCTAATTCGAGC,,,
C39,AS1 10/29/19 1,AS1 10/29/19,740,920,Atlantic Sharpnose,86.56,1,Atlantic Croaker,Micropogonias,Atlantic Croaker,Species,Micropogonias undulatus,Species,Match,Atlantic croaker,18E_005_C39_M13F-21_E09.ab1,1101.72,Micropogonias undulatus,,,,,,,,,,TAATTCGAGCCGAACTTAGCCAACCTGGCGCACTCCTCGGAGACGACCAAATTTATAACGTAATCGTTACGGCACATGCCTTCGTCATAATTTTCTTTATAGTAATGCCCATTATGATTGGAGGCTTTGGAAACTGACTTGTACCCCTAATGATTGGGGCCCCTGACATAGCATTCCCCCGAATAAATAATATGAGCTTCTGACTCCTCCCCCCTTCTTTCCTGCTGCTCCTAACCTCCTCAGGGGTAGAAGCAGGTGCCGGAACGGGCTGAACAGTCTATCCCCCACTCGCCGGAAATCTTGCACACGCAGGGGCCTCTGTCGACTTGGCCATTTTTTCCCTTCATCTCGCAGGTGTATCATCAATTTTAGGGGCTATTAACTTCATCACAACAATTATTAACATGAAACCCCCAGCCATCTCCCAATATCAGACACCCCTATTTGTATGAGCCGTTTTAATTACAGCTGTACTACTTCTGCTCTCACTCCCTGTCCTAGCTGCCGGCATTACGATACTTCTAACAGACCGCAACCTTAATACAACCTTTTTTGACCCAGCAGGAGGAGGAGACCCAATTCTTTACCAACACTTA,,,
C4,BN3 6/11/19 4,BN3 6/11/19,872,920,Blacknose,3.39,1,Unidentified teleost,NA,Unidentified teleost,Class,Lagodon rhomboides,Species,Unidentified general,Pinfish,18E_019_C4_M13F-21_C11.ab1,1027.86,Lagodon rhomboides,,,,,,,,,,AGGAGACGACCAGATTTATAATGTAATTGTTACAGCACATGCATTTGTAATAATTTTCTTTATAGTAATACCAATTATGATTGGAGGATTCGGAAACTGACTAATTCCACTAATGATCGGAGCCCCCGACATAGCATTCCCCCGAATAAATAACATGAGCTTCTGACTGCTGCCTCCGTCATTCCTCCTACTACTCGCCTCTTCCGGAGTCGAAGCTGGGGCCGGTACCGGCTGAACAGTCTACCCTCCATTGGCAGGAAATCTTGCCCATGCAGGAGCATCCGTTGACTTAACCATTTTCTCTCTCCACTTAGCTGGAATTTCATCTATTCTTGGTGCTATTAATTTTATTACCACCATTATCAATATGAAACCCCCCGCTATTTCACAGTATCAAACACCACTATTTGTATGAGCCGTTCTAATTACCGCCGTCCTGCTTCTCCTGTCTCTCCCAGTTCTTGCTGCCGGAATCACAATGCTTCTTACAGATCGAAATCTAAATACCACCTTCTTTGACCCAGCTGGAGGAGGAGACCCAATTCTCTATCAACATCTA,,,
C40,AS1 10/29/19 2,AS1 10/29/19,740,920,Atlantic Sharpnose,5.13,1,Unidentified bothidae,NA,Unidentified bothidae,Family,Citharichthys spilopterus,Species,General,Bay whiff,18E_007_C40_M13F-21_G09.ab1,497.869,Citharichthys spilopterus,,,,,,,,,,AGGAAACCTGGCCCACGCAGGTGCATCCGTAGATTTGACCATTTTCTCCCTTCACCTAGCCGGAATTTCCTCTATCCTTGGGGCCATCAACTTTATCACAACTATTATTAACATGAAGCCTGTTTCAGTTACAATATATCAAATTCCACTATTTGTGTGAGCGGTATTGATTACTGCGGTACTACTCCTTCTCTCCTTACCAGTCCTTGCTGCTGGCATTACAATACTCCTTACAGACCGAAACTTAAATACAACCTTCTTTGACCCGG,,,
C41,AS11 6/9/20 2,AS11 6/9/20,771,933,Atlantic Sharpnose,0.05,1,Unidentified teleost,NA,Unidentified teleost,Class,,NA,NA DNA,,20A_004_C41_M13F-21_D01.ab1,100.839,Host contamination,,,,20E_006_C41_MiFish_F08.ab1,NA,Quality filtered,,,,AAGCTGGAGCAGGTACTGGTTGAACAGTCTATCCCCCATTAGCTAGTAACATAG,,TAGGAAAGAAAAAAAAATAAAAAAAA,
C42,AS11 6/9/20 3,AS11 6/9/20,771,933,Atlantic Sharpnose,0.43,1,Unidentified teleost,NA,Unidentified teleost,Class,Xyrichtys novacula,Species,Unidentified general,Pearly razorfish,20A_005_C42_M13F-21_E01.ab1,551.422,Xyrichtys novacula,,,,,,,,,,CCCCGTCCTTTTTACTCCTCCTAGCATCGTCTGGAGTAGAAGCTGGAGCCGGGACAGGTTGAACCGTCTACCCCCCACTAGCTGGAAACCTTGCGCATGCGGGTGCATCCGTTGATCTGACAATTTTCTCCCTGCATCTTGCAGGGATTTCTTCAATCCTAGGGGCAATTAATTTTATTACAACAATTATTAACATAAAACCCCCTGCTATTTCCCAGTACCAAACCCCTTTATTTGTCTGAGCCGTCCTTATTACAGCCGTCCTACTTCTTCTCTCCCTACCCGTTCTTGCCGCCGG,,,
C43,BN4 8/24/20 2,BN4 8/24/20,970,1193,Blacknose,11.01,1,Unidentified teleost,NA,Unidentified teleost,Class,Xyrichtys novacula,Species,Unidentified general,Pearly razorfish,18E_003_C43_M13F-21_C09.ab1,1064.79,Xyrichtys novacula,,,,,,,,,,CAACCCGGGGCCCTTCTTGGAGACGACCAAATTTACAATGTAATCGTCACAGCACATGCGTTTGTAATAATTTTCTTTATAGTAATGCCAATTATAATTGGCGGATTTGGAAACTGACTTATTCCCCTGATGATCGGGGCCCCAGACATGGCGTTCCCTCGAATAAACAACATGAGCTTCTGACTTCTGCCCCCGTCCTTTTTACTCCTCCTAGCATCGTCTGGAGTAGAAGCTGGAGCCGGGACAGGTTGAACCGTCTACCCCCCACTAGCTGGAAACCTTGCGCATGCGGGTGCATCCGTTGATCTGACAATTTTCTCCCTGCATCTTGCAGGGATTTCTTCAATCCTAGGGGCAATTAATTTTATTACAACAATTATTAACATAAAACCCCCTGCTATTTCCCAGTACCAAACCCCTTTATTTGTCTGAGCCGTCCTTATTACAGCCGTCCTACTTCTTCTCTCCCTACCCGTTCTTGCCGCCGGCATCACAATGCTCCTTACAGACCGAAACCTGAACACAACCTTCTTCGATCCTGCTGGGGGAGGTGACCCAATTCTTTACCAACATTTA,,,
C44,BT1 7/10/20 1,BT1 7/10/20,980,1193,Blacktip,6.26,1,Unidentified teleost,NA,Unidentified teleost,Class,Brevoortia,Genus,Unidentified general,Menhaden,20A_006_C44_M13F-21_F01.ab1,NA,Quality filtered,,,,16G_005_C44_MiFish_C09.ab1,259.651,Brevoortia,,,,CTCACACA,,ACTCGGCGTAAAGAGTGGTTATGGAGAACTAAATACTAAAGCCGAAGACCCCTTAGGCCGTCATACGCACCTAGGGGTTCGAATTATATACACGAAAGTAGCTTTACCCTTTCCCACCAGAACCCACGACAGCCGGGACA,
C45,AS4 6/9/20 1,AS4 6/9/20,732,894,Atlantic Sharpnose,,,Atlantic Croaker,Micropogonias,Atlantic Croaker,Species,Sipunculus nudus,Species,Wrong visual,Peanut worm,18E_006_C45_M13F-21_F09.ab1,1083.26,Sipunculus nudus,,,,,,,,,,CTTCTTATTCGAGCAGAGCTTGGCCAACCCGGCTCCCTACTCGGAAGCGATCATTTATACAACGTACTGGTAACTGCCCATGCATTTCTTATAATTTTCTTTTTAGTAATACCCGTCCTAATTGGAGGATTCGGGAACTGACTAATTCCCCTTATACTAGGAAGTCCAGATATAGCATTCCCACGACTTAATAATATAAGATTTTGACTTTTACCTCCAGCCTTAACACTCTTAGTCGCCTCCGCTGCGGCAGAAAAGGGGGTTGGGGCAGGGTGAACCGTATACCCCCCACTCGCTGGGCCCATTGCACACGCTGGCCCGTCCGTGGACCTAGCAATTTTTTCTTTACACCTAGCAGGTGCGAGGTCAATTTTGGGGGCACTTAACTTTATCACGACAATCATAAACATACGTGGCAAAGGCTTCCAAATAGAGCGACTCCCACTATTTTTATGGGCCGTATTTATTACCGTAATTATACTCTTGCTTGCCCTTCCAGTCCTCGCCGGTGCAATCACCATGCTTCTAACAGACCGAAACTTAAATACCTCTTTTTTTGACCCAACAGGGGGCGGAGACCCTATCCTGTTCAGCCATCTA,,,
C46,BT1 9/24/19 2,BT1 9/24/19,803,1140,Blacktip,2.04,1,Unidentified teleost,NA,Unidentified teleost,Class,Micropogonias undulatus,Species,Unidentified general,Atlantic croaker,18E_014_C46_M13F-21_F10.ab1,1182.98,Micropogonias undulatus,,,,,,,,,,TTTTGGTGCATGAGCCGGAATAATCGGCACAGCTTTAAGCCTACTAATTCGAGCCGAACTTAGCCAACCTGGCGCACTCCTCGGAGACGACCAAATTTATAACGTAATCGTTACGGCACATGCCTTCGTCATAATTTTCTTTATAGTAATGCCCATTATGATTGGAGGCTTTGGAAACTGACTTGTACCCCTAATGATTGGGGCCCCTGACATAGCATTCCCCCGAATAAATAATATGAGCTTCTGACTCCTCCCCCCTTCTTTCCTGCTGCTCCTAACCTCCTCAGGGGTAGAAGCAGGTGCCGGAACGGGCTGAACAGTCTATCCCCCACTCGCCGGAAATCTTGCACACGCAGGGGCCTCTGTCGACTTGGCCATTTTTTCCCTTCATCTCGCAGGTGTATCATCAATTTTAGGGGCTATTAACTTCATCACAACAATTATTAACATGAAACCCCCAGCCATCTCCCAATATCAGACACCCCTATTTGTATGAGCCGTTTTAATTACAGCTGTACTACTTCTGCTCTCACTCCCTGTCCTAGCTGCCGGCATTACGATACTTCTAACAGACCGCAACCTTAATACAACCTTTTTTGACCCAGCAGGAGGAGGAGACCCAATTCTTTACCAACACTTA,,,
C47,AS7 8/18/20 2,AS7 8/18/20,705,864,Atlantic Sharpnose,7.09,1,Unidentified sciaenid,NA,Unidentified sciaenid,Family,Micropogonias undulatus,Species,General,Atlantic croaker,21F_004_C47_M13F-21_E12.ab1,730.547,Micropogonias undulatus,,,,,,,,,,TTTTGGTGCATGAGCCGGAATAATCGGCACAGCTTTAAGCCTACTAATTCGAGCCGAACTTAGCCAACCTGGCGCACTCCTCGGAGACGACCAAATTTATAACGTAATCGTTACGGCACATGCCTTCGTCATAATTTTCTTTATAGTAATGCCCATTATGATTGGAGGCTTTGGAAACTGACTTGTACCCCTAATGATTGGGGCCCCTGACATAGCATTCCCCCGAATAAATAATATGAGCTTCTGACTCCTCCCCCCTTCTTTCCTGCTGCTCCTAACCTCCTCAGGGGTAGAAGCAGGTGCCGGAACGGGCTGAACAGTCTATCCCCCACTCGCCGGAAATCTTGCACACGCAGGGGCCTCTGTCGACTTGGCCATTTTTTCCCTTCATCTCG,,,
C48,AS7 8/18/20 3,AS7 8/18/20,705,864,Atlantic Sharpnose,5.26,1,Unidentified teleost,NA,Unidentified teleost,Class,,NA,Unidentified general,,,,,,,,20E_007_C48_MiFish_G08.ab1,NA,Quality filtered,,,,,,CTAACTCACATTA,
C49,AS7 8/18/20 4,AS7 8/18/20,705,864,Atlantic Sharpnose,6.38,1,Unidentified teleost,NA,Unidentified teleost,Class,Leiostomus xanthurus,Species,Unidentified general,Spot croaker,26H_002_C49_M13F-21_B10.ab1,1146.04,Leiostomus xanthurus,,,,,,,,,,TAGTAGGCACAGCCTTGAGCCTCCTAATCCGAGCAGAGCTTAGCCAACCTGGCTCACTCCTCGGAGATGACCAGATTTATAACGTAATCGTTACAGCACATGCCTTCGTTATAATTTTCTTTATAGTAATGCCCATCATGATTGGAGGGTTTGGGAACTGACTCATTCCACTAATGATCGGAGCCCCCGACATGGCATTTCCTCGAATGAATAATATGAGCTTCTGACTCCTCCCTCCTTCCTTCCTTCTGCTCCTTACCTCTTCAGGGGTAGAGGCAGGGGCCGGAACAGGGTGAACAGTCTATCCCCCACTCGCCGGGAACCTTGCACACGCAGGTGCTTCCGTCGACCTGGCCATCTTCTCCCTTCACCTCGCAGGTGTTTCATCAATTCTAGGGGCCATTAATTTTATTACAACCATCGTTAACATGAAACCTCCTGCCATCTCGCAGTACCAGACACCTTTATTTGTATGAGCCGTGCTAATTACAGCCGTCCTTCTCCTACTTTCACTCCCTGTATTAGCCGCTGGCATTACAATGCTTCTTACAGACCGCAACCTAAACACAACCTTCTTCGATCCCGCAGGAGGGGGTGATCCCATTCTTTATCAACACTTA,,,
C5,BN3 6/11/19 5,BN3 6/11/19,872,920,Blacknose,2.11,1,Unidentified teleost,NA,Unidentified teleost,Class,Micropogonias,Genus,Unidentified general,Drums and croakers,,,,,,,19H_009_C5_MiFish_A09.ab1,248.571,Micropogonias,,,,,,CTTTCGTGGGTGGGCTTCTCACCTTCATGTGCGTATAACAGCCCTGAAGGCGTTCGGCTTTAGTAGTTGGTTTTCCTTCTAACCACTCTTTACGCCGTTGACTATCAACTTGGGCCTCTCGTATAACCGCGGTG,
C50,BT1 6/17/20 1,BT1 6/17/20,900,1200,Blacktip,74,5,Atlantic Croaker,Micropogonias,Atlantic Croaker,Species,Micropogonias undulatus,Species,Match,Atlantic croaker,18E_002_C50_M13F-21_B09.ab1,1101.72,Micropogonias undulatus,,,,,,,,,,TAATTCGAGCCGAACTTAGCCAACCTGGCGCACTCCTCGGAGACGACCAAATTTATAACGTAATCGTTACGGCACATGCCTTCGTCATAATTTTCTTTATAGTAATGCCCATTATGATTGGAGGCTTTGGAAACTGACTTGTACCCCTAATGATTGGGGCCCCTGACATAGCATTCCCCCGAATAAATAATATGAGCTTCTGACTCCTCCCCCCTTCTTTCCTGCTGCTCCTAACCTCCTCAGGGGTAGAAGCAGGTGCCGGAACGGGCTGAACAGTCTATCCCCCACTCGCCGGAAATCTTGCACACGCAGGGGCCTCTGTCGACTTGGCCATTTTTTCCCTTCATCTCGCAGGTGTATCATCAATTTTAGGGGCTATTAACTTCATCACAACAATTATTAACATGAAACCCCCAGCCATCTCCCAATATCAGACACCCCTATTTGTATGAGCCGTTTTAATTACAGCTGTACTACTTCTGCTCTCACTCCCTGTCCTAGCTGCCGGCATTACGATACTTCTAACAGACCGCAACCTTAATACAACCTTTTTTGACCCAGCAGGAGGAGGAGACCCAATTCTTTACCAACACTTA,,,
C51,BT1 6/17/20 2,BT1 6/17/20,900,1200,Blacktip,0.38,1,Unidentified teleost,NA,Unidentified teleost,Class,Myrophis punctatus,Species,Unidentified general,Speckled worm eel,18E_004_C51_M13F-21_D09.ab1,1059.25,Myrophis punctatus,,,,,,,,,,CAGCCCGGAGCCCTCCTTGGGGACGACCAAATTTATAATGTTATTGTGACGGCACACGCCTTCGTAATAATTTTCTTTATAGTAATGCCAGTGATAATCGGAGGCTTCGGCAACTGACTAGTTCCCCTAATGATCGGGGCACCGGACATAGCATTCCCACGAATAAACAACATAAGCTTCTGACTTCTCCCCCCGTCCTTTTTACTCCTATTAGCCTCTTCAGGAGTTGAGGCAGGGGCAGGAACAGGATGAACCGTCTACCCCCCTCTGGCCGGAAATCTGGCCCACGCAGGAGCATCCGTCGATCTAACAATTTTCTCTCTTCACCTAGCCGGAGTCTCATCAATTCTAGGGGCTATCAACTTCATCACTACTATTATTAATATGAAGCCCCCAGCAATCACACAATATCAAACCCCCCTATTCGTGTGATCAGTTCTGGTCACAGCCGTACTTCTACTTCTATCCCTGCCCGTTCTTGCCGCAGGAATTACAATATTACTTACCGATCGAAACCTAAACACAACCTTCTTTGACCCAGCAGGAGGGGGAGACCCTATTCTCTACCAACACCTA,,,
C52,BT1 6/11/19 1,BT1 6/11/19,1112,1389,Blacktip,15.03,1,Unidentified teleost,NA,Unidentified teleost,Class,Peprilus triacanthus,Species,Unidentified general,American butterfish,26H_007_C52_M13F-21_G10.ab1,778.56,Peprilus triacanthus,,,,,,,,,,GATTGGAGCCCCTGATATGGCATTTCCTCGAATGAATAATATGAGCTTCTGACTCCTCCCTCCATCTTTCCTCCTACTTTTAGCCTCTTCTGGGGTTGAAGCAGGTGCCGGAACTGGTTGAACAGTTTACCCTCCATTAGCTGGTAACCTAGCTCATGCTGGAGCATCTGTTGACTTAACTATTTTCTCACTACATTTAGCAGGAATTTCTTCAATTCTGGGAGCTATTAATTTCATCACAACAATTATTAATATGAAACCTGCAGCTATTTCCCAATATCAAACACCTCTGTTCGTCTGAGCCGTTTTAATTACCGCCGTTCTTCTTCTTCTATCACTACCAGTCCTTGCCGCTGGAATTACTATGCTTCTAACAGACCGAAACTTAAACACAACCTTCTTCGACCCTGCCGGTGGAGGA,,,
C53,BT1 6/11/19 2,BT1 6/11/19,1112,1389,Blacktip,0.62,2,Unidentified teleost,NA,Unidentified teleost,Class,,NA,NA DNA,,20A_007_C53_M13F-21_G01.ab1,NA,Quality filtered,,,,19H_007_C53_MiFish_G08.ab1,NA,Quality filtered,,,,CTTATATACACCTCCCGGGATCAAGGCGGGGTCGAACCAATTCGATGCCTCGACTGTGCC,,TCGGCTTTA,
C54,BH2 7/10/20 2,BH2 7/10/20,780,949,Bonnethead,0.02,1,Unidentified teleost,NA,Unidentified teleost,Class,Leiostomus xanthurus,Species,Unidentified general,Spot croaker,20A_008_C54_M13F-21_H01.ab1,NA,Quality filtered,,,,16G_004_C54_MiFish_B09.ab1,243.031,Leiostomus xanthurus,,,,,,TTACGGCGTAAAGAGTGGTTAGAAGAGATACATAACTAAAGCCGAACACCCTCAAAGCTGTTATACGCATCCGAAGGTGAGAAGCCCACCCACGAAAGTGGCTTTACAACTTTGAATCCACGAAAGCTATGGTA,
C55,BH2 7/10/20 3,BH2 7/10/20,780,949,Bonnethead,0.45,1,Unidentified stomatopod,NA,Unidentified stomatopod,Order,Squillidae,Family,General,Mantis shrimp,26H_011_C55_M13F-21_C11.ab1,NA,Quality filtered,01.16A_001_C55_BerryCrust_A01.ab1,198.712,Squillidae,,,,,,,AATGGA,TAATTAAATTATAAATTGTTAGTTTAATCTTAATTTAATTAGTGTTTGTTTCGTTGGGGCGACGAGAATATAATGTTTTGTAACTGTTCTTTTGTAATTTGTTACAGTTAATAGTTGGTAAAAGATTGATCCTTTATTAAAGATTAAAAGATTAAGTTA,,
C58,AS6 10/15/19 3,AS6 10/15/19,678,828,Atlantic Sharpnose,0.52,1,Unidentified teleost,NA,Unidentified teleost,Class,Anchoa hepsetus,Species,Unidentified general,Broad-striped anchovy,20A_009_C58_M13F-21_A02.ab1,1177.44,Anchoa hepsetus,,,,,,,,,,ATATCTTATTTTTGGTGCCTGAGCAGGAATGGTGGGAACAGCACTTAGCCTCCTCATCCGAGCAGAATTAAGCCAGCCAGGAGCACTTCTGGGGGACGATCAGATCTACAACGTAATCGTGACTGCTCACGCATTCGTAATAATCTTTTTTATAGTAATGCCCATCCTAATCGGTGGGTTCGGAAATTGACTAGTCCCTTTAATACTAGGGGCCCCAGACATGGCATTCCCTCGAATAAACAACATGAGCTTTTGACTTCTCCCTCCTTCATTTCTACTTCTTCTTGCATCATCTGGAGTTGAAGCCGGAGCTGGAACAGGATGAACAGTTTACCCCCCCTTATCAGGAAATCTTGCCCACGCCGGAGCATCAGTAGATTTAACAATCTTTTCTCTCCACTTGGCAGGGATCTCGTCAATCTTAGGTGCCATTAATTTTATCACTACTATCATTAATATGAAACCACCTGCTATTTCACAATACCAGACACCTTTATTTGTCTGAGCTGTGTTGATCACGGCAGTACTTTTACTCCTTTCACTCCCTGTTCTAGCTGCTGGAATTACTATGCTTCTCACAGACCGAAACCTCAACACCACTTTCTTCGACCCGGCAGGGGGAGGAGATCCAATTCTTTACCAACACTTA,,,
C59,AS6 10/15/19 4,AS6 10/15/19,678,828,Atlantic Sharpnose,0.12,1,Unidentified teleost,NA,Unidentified teleost,Class,Anchoa hepsetus,Species,Unidentified general,Broad-striped anchovy,20A_010_C59_M13F-21_B02.ab1,1088.8,Anchoa hepsetus,,,,,,,,,,AGCAGAATTAAGCCAGCCAGGAGCACTTCTGGGGGACGATCAGATCTACAATGTAATCGTGACTGCTCACGCATTCGTAATAATCTTTTTTATAGTAATGCCCATCCTAATCGGTGGGTTCGGAAATTGACTAGTCCCTTTAATACTAGGGGCCCCAGACATGGCATTCCCTCGAATGAACAACATGAGCTTTTGACTTCTCCCTCCTTCATTTCTACTTCTTCTTGCATCATCTGGAGTTGAAGCCGGAGCTGGAACAGGGTGAACAGTTTACCCCCCCTTATCAGGAAATCTTGCTCACGCCGGAGCATCAGTAGATTTAACAATCTTTTCTCTCCACTTGGCAGGGATCTCGTCAATCTTAGGTGCCATTAATTTTATCACTACTATCATTAATATGAAACCACCTGCTATTTCACAATACCAGACACCTTTATTTGTCTGAGCTGTGTTGATCACGGCAGTACTTTTACTCCTTTCACTCCCTGTTCTAGCTGCTGGAATTACTATGCTTCTCACAGACCGAAACCTCAACACCACTTTCTTCGACCCGGCAGGGGGAGGAGATCCAATTCTTTACCAACACTTA,,,
C6,BN3 6/11/19 6,BN3 6/11/19,872,920,Blacknose,3.71,1,Unidentified teleost,NA,Unidentified teleost,Class,Micropogonias,Genus,Unidentified general,Drums and croakers,,,,,,,20E_001_C6_MiFish_A08.ab1,252.265,Micropogonias,,,,,,CAACGGCGTAAAGAGTGGTTAGAAGGAAAACCAACTACTAAAGCCGAACGCCTTCAGGGCTGTTATACGCACATGAAGGTGAGAAGCCCACCCACGAAAGTGGCTTTATATCCTTGAATCCACGAAAGCTATGGCA,
C60,AS6 10/15/19 5,AS6 10/15/19,678,828,Atlantic Sharpnose,0.52,2,Isopod,NA,Isopod,Order,,NA,NA DNA,,,,,16A_002_C60_BerryCrust_B01.ab1,110.073,Homo sapien,,,,,,,,ACGTTGATCACGTGTGGAAATAATAGTTTTGATATATTGGGTTAAATATACATTTCATCTTT,,
C61,BN1 8/29/19 1,BN1 8/29/19,984,1111,Blacknose,6.97,1,Atlantic Croaker,Micropogonias,Atlantic Croaker,Species,Micropogonias undulatus,Species,Match,Atlantic croaker,20A_011_C61_M13F-21_C02.ab1,1116.5,Micropogonias undulatus,,,,,,,,,,AAGCCTACTAATTCGAGCCGAACTTAGCCAACCTGGCGCACTCCTCGGAGACGACCAAATTTATAACGTAATCGTTACGGCACATGCCTTCGTCATAATTTTCTTTATAGTAATGCCCATTATGATTGGAGGCTTTGGAAACTGACTTGTACCCCTAATGATTGGGGCCCCTGACATAGCATTCCCCCGAATAAATAATATGAGCTTCTGACTCCTCCCCCCTTCTTTCCTGCTGCTCCTAACCTCCTCAGGGGTAGAAGCAGGTGCCGGAACGGGCTGAACAGTCTATCCCCCACTCGCCGGAAATCTTGCACACGCAGGGGCCTCTGTCGACTTGGCCATTTTTTCCCTTCATCTCGCAGGTGTATCATCAATTTTAGGGGCTATTAACTTCATCACAACAATTATTAACATGAAACCCCCAGCCATCTCCCAATATCAGACACCCCTATTTGTATGAGCCGTTTTAATTACAGCTGTACTACTTCTGCTCTCACTCCCTGTCCTAGCTGCCGGCATTACGATACTTCTAACAGACCGCAACCTTAATACAACCTTTTTTGACCCAGCAGGAGGAGGAGACCCAATTCTTTACCAACACTTA,,,
C62,AS3 8/6/19 1,AS3 8/6/19,338,425,Atlantic Sharpnose,3.21,1,Penaeid shrimp,NA,Penaeid shrimp,Family,Micropogonias undulatus,Species,Wrong visual,Atlantic croaker,21F_007_C62_M13F-21_H12.ab1,1182.98,Micropogonias undulatus,,,,,,,,,,TTTTGGTGCATGAGCCGGAATAATCGGCACAGCTTTAAGCCTACTAATTCGAGCCGAACTTAGCCAACCTGGCGCACTCCTCGGAGACGACCAAATTTATAACGTAATCGTTACGGCACATGCCTTCGTCATAATTTTCTTTATAGTAATGCCCATTATGATTGGAGGCTTTGGAAACTGACTTGTACCCCTAATGATTGGGGCCCCTGACATAGCATTCCCCCGAATAAATAATATGAGCTTCTGACTCCTCCCCCCTTCTTTCCTGCTGCTCCTAACCTCCTCAGGGGTAGAAGCAGGTGCCGGAACGGGCTGAACAGTCTATCCCCCACTCGCCGGAAATCTTGCACACGCAGGGGCCTCTGTCGACTTGGCCATTTTTTCCCTTCATCTCGCAGGTGTATCATCAATTTTAGGGGCTATTAACTTCATCACAACAATTATTAACATGAAACCCCCAGCCATCTCCCAATATCAGACACCCCTATTTGTATGAGCCGTTTTAATTACAGCTGTACTACTTCTGCTCTCACTCCCTGTCCTAGCTGCCGGCATTACGATACTTCTAACAGACCGCAACCTTAATACAACCTTTTTTGACCCAGCAGGAGGAGGAGACCCAATTCTTTACCAACACTTA,,,
C63,AS7 8/6/19 1,AS7 8/6/19,709,851,Atlantic Sharpnose,30.71,1,Atlantic Croaker,Micropogonias,Atlantic Croaker,Species,Micropogonias undulatus,Species,Match,Atlantic croaker,26G_003_C63_M13F-21_G09.ab1,671.454,Micropogonias undulatus,,,,,,,,,,TAATCGGCACAGCTTTAAGCCTACTAATTCGAGCCGAACTTAGCCAACCTGGCGCACTCCTCGGAGACGACCAAATTTATAACGTAATCGTTACGGCACATGCCTTCGTCATAATTTTCTTTATAGTAATGCCCATTATGATTGGAGGCTTTGGAAACTGACTTGTACCCCTAATGATTGGGGCCCCTGACATAGCATTCCCCCGAATAAATAATATGAGCTTCTGACTCCTCCCCCCTTCTTTCCTGCTGCTCCTAACCTCCTCAGGGGTAGAAGCAGGTGCCGGAACGGGCTGAACAGTCTATCCCCCACTCGCCGGAAATCTTGCACACGCAGGGGCCTCTGTCGACTTGGCCATTTTTT,,,
C64,AS7 8/6/19 2,AS7 8/6/19,709,851,Atlantic Sharpnose,3.26,1,Unidentified portunid,NA,Unidentified portunid,Family,,NA,NA DNA,,,,,36.21G_004_C64_BerryCrust_D07.ab1,NA,Quality filtered,,,,,,,,ATTTTTAATAACTGC,,
C65,AS6 8/6/19 1,AS6 8/6/19,694,843,Atlantic Sharpnose,4.3,1,Atlantic Croaker,Micropogonias,Atlantic Croaker,Species,Micropogonias undulatus,Species,Match,Atlantic croaker,26G_004_C65_M13F-21_H09.ab1,1146.04,Micropogonias undulatus,,,,,,,,,,TAATCGGCACAGCTTTAAGCCTACTAATTCGAGCCGAACTTAGCCAACCTGGCGCACTCCTCGGAGACGACCAAATTTATAACGTAATCGTTACGGCACATGCCTTCGTCATAATTTTCTTTATAGTAATGCCCATTATGATTGGAGGCTTTGGAAACTGACTTGTACCCCTAATGATTGGGGCCCCTGACATAGCATTCCCCCGAATAAATAATATGAGCTTCTGACTCCTCCCCCCTTCTTTCCTGCTGCTCCTAACCTCCTCAGGGGTAGAAGCAGGTGCCGGAACGGGCTGAACAGTCTATCCCCCACTCGCCGGAAATCTTGCACACGCAGGGGCCTCTGTCGACTTGGCCATTTTTTCCCTTCATCTCGCAGGTGTATCATCAATTTTAGGGGCTATTAACTTCATCACAACAATTATTAACATGAAACCCCCAGCCATCTCCCAATATCAGACACCCCTATTTGTATGAGCCGTTTTAATTACAGCTGTACTACTTCTGCTCTCACTCCCTGTCCTAGCTGCCGGCATTACGATACTTCTAACAGACCGTAACCTTAATACAACCTTTTTTGACCCAGCAGGAGGAGGAGACCCAATTCTTTACCAACACTTA,,,
C66,AS6 8/6/19 2,AS6 8/6/19,694,843,Atlantic Sharpnose,0.28,1,Unidentified teleost,NA,Unidentified teleost,Class,Micropogonias,Genus,Unidentified general,Drums and croakers,,,,,,,19H_006_C66_MiFish_F08.ab1,246.725,Micropogonias,,,,,,TTTCGTGGGTGGGCTTCTCACCTTCATGTGCGTATAACAGCCCTGAAGGCGTTCGGCTTTAGTAGTTGGTTTTCCTTCTAACCACTCTTTACGCCGTTGACTATCAACTTGGGCCTCTCGTATAACCGCGGTG,
C67,AS1 11/12/19 1,AS1 11/12/19,757,918,Atlantic Sharpnose,56.66,1,Spot,Leiostomus,Spot,Species,Leiostomus xanthurus,Species,Match,Spot croaker,,,,,,,19H_005_C67_MiFish_E08.ab1,244.878,Leiostomus xanthurus,,,,,,CTTTCGTGGGTGGGCTTCTCACCTTCGGATGCGTATAACAGCTTTGAGGGTGTTCGGCTTTAGTTATGTATTTCTTCTAACCACTCTTTACGCCGTAAACTATCGACTTGGGCCTCTCGTATAACCGCGGTG,
C68,AS1 11/12/19 2,AS1 11/12/19,757,918,Atlantic Sharpnose,4.7,1,Unidentified teleost,NA,Unidentified teleost,Class,Micropogonias,Genus,Unidentified general,Drums and croakers,,,,,,,19H_004_C68_MiFish_D08.ab1,248.571,Micropogonias,,,,,,CTTTCGTGGGTGGGCTTCTCACCTTCATGTGCGTATAACAGCCCTGAAGGCGTTCGGCTTTAGTAGTTGGTTTTCCTTCTAACCACTCTTTACGCCGTTGACTATCAACTTGGGCCTCTCGTATAACCGCGGTG,
C69,AS1 6/25/19 1,AS1 6/25/19,738,901,Atlantic Sharpnose,8.19,1,Teuthoidea,NA,Teuthoidea,Order,Lolliguncula brevis,Species,General,Atlantic brief squid,,,,,,,,,,20O_002_C69_LCO1490F1_B09.ab1,1133.12,Lolliguncula brevis,,,,AGGTACTTCATTAAGATTAATAATTCGTACAGAACTGGGAAAACCTGGCTCACTATTAAATGATGACCAATTATATAACGTAGTAGTAACTGCACATGGCTTTATTATAATTTTTTTCATAGTTATACCTATTATAATTGGAGGATTTGGAAATTGACTTGTCCCTATAATATTAGGTGCACCAGACATAGCTTTTCCTCGAATAAATAATATAAGATTTTGATTACTCCCACCTTCATTAACACTTTTACTTGCTTCATCAGCAGTTGAAAGAGGGGCCGGAACAGGTTGAACAGTATACCCTCCATTATCAAGAAATTTATCTCATGCAGGCCCTTCAGTAGATCTAGCCATTTTCTCCCTTCATCTAGCCGGTATTTCTTCTATCTTAGGTGCTATTAATTTTATTACAACAATTATAAATATACGATGAGAAGGTTTACTAATAGAACGACTATCTTTATTTGTATGATCTGTATTTATTACTGCCATTCTTCTACTTTTATCTTTACCAGTTCTAGCAGGTGCAATTACAATATTACTTACTGATCGTAATTTTAACACCACCTTTTTTGACCCTAGAGGAGGGGGAGATCCAATTCTTTATCAACATTTATTC
C7,BN3 6/11/19 7,BN3 6/11/19,872,920,Blacknose,6.02,1,Unidentified teleost,NA,Unidentified teleost,Class,Leiostomus xanthurus,Species,Unidentified general,Spot croaker,26H_009_C7_M13F-21_A11.ab1,152.546,Leiostomus xanthurus,,,,,,,,,,AATGCTTCTCACAGACCGCAACCTAAACACAACCTTCTTCGATCCCGCAGGAGGGGGTGATCCCATTCTTTATCAACACTTA,,,
C70,AS2 6/27/19 1,AS2 6/27/19,304,378,Atlantic Sharpnose,0.74,1,Unidentified teleost,NA,Unidentified teleost,Class,Paralichthyidae,Family,Unidentified general,Flounder,,,,,,,19H_003_C70_MiFish_C08.ab1,198.712,Paralichthyidae,,,,,,TCGGGTGCGTATAACAGCTGTGTAAGCGTTCGACTTTAGTTTGGGTTTTCCCTAACCACTCTTTACGCCGCTGTCTATCAACTTGAGCCTCTCGTATAACCGCGGTG,
C71,BT1 9/24/19 1,BT1 9/24/19,803,1140,Blacktip,71.79,1,Brevoortia tyrannus,Brevoortia,Brevoortia tyrannus,Species,Brevoortia,Genus,Too specific,Menhaden,,,,,,,19H_002_C71_MiFish_B08.ab1,254.111,Brevoortia,,,,,,AAGCTACTTTCGTGTATATAATTCGAACCCCTAGGTGCGTATGACGGCCTAAGGGGTCTTCGGCTTTAGTATTTAGTTCTCCATAACCACTCTTTACGCCGAGTGAATCAACTAGGGCCTCTCGTATAACCGCGGTG,
C72,AS1 10/15/19,AS1 10/15/19,728,882,Atlantic Sharpnose,,,Pinfish,Lagodon,Pinfish,Species,Micropogonias,Genus,Too specific,Drums and croakers,,,,,,,19H_001_C72_MiFish_A08.ab1,248.571,Micropogonias,,,,,,CTTTCGTGGGTGGGCTTCTCACCTTCATGTGCGTATAACAGCCCTGAAGGCGTTCGGCTTTAGTAGTTGGTTTTCCTTCTAACCACTCTTTACGCCGTTGACTATCAACTTGGGCCTCTCGTATAACCGCGGTG,
C74,BH2 7/15/20 1,BH2 7/15/20,821,1103,Bonnethead,65.64,3,Callinectes sapidus,Callinectes,Callinectes sapidus,Species,Callinectes sapidus,Species,Match,Atlantic blue crab,,,,16G_008_C74_BerryCrust_F09.ab1,267.038,Callinectes sapidus,,,,,,,,TTATTTTTTATTATAATAATGATGATAAGAGAATTTATTTGGTTGGGGCAACCGAAGTATAATTTTAAATAACTGCTATAATTTAATACAATGATTTTTGTCTTATACAATAATTGATCCTCAAAGAGATTAAAGACCAAGTTA,,
C75,BH2 7/15/20 2,BH2 7/15/20,821,1103,Bonnethead,0.44,1,Callinectes spp,Callinectes,Callinectes spp,Genus,Callinectes sapidus,Species,General,Atlantic blue crab,,,,21G_005_C75_BerryCrust_E07.ab1,267.038,Callinectes sapidus,,,,,,,,TTATTTTTTATTATAATAATGATGATAAGAGAATTTATTTGGTTGGGGCAACCGAAGTATAATTTTAAATAACTGCTATAATTTAATACAATGATTTTTGTCTTATACAATAATTGATCCTCAAAGAGATTAAAGACCAAGTTA,,
C76,BH2 7/15/20 3,BH2 7/15/20,821,1103,Bonnethead,2.07,1,Squilla spp,Squilla,Squilla spp,Genus,Stomatopoda,Order,Too specific,Mantis shrimp,,,,19Q_001_C76_BerryCrustR_E12.ab1,263.345,Stomatopoda,,,,,,,,CAATTTATTTTCAATTATAATTGTTATAAAAAACAAAAGCAGTTAGTCTTTAATATACTTTTACCGCCCCAGTAAAATAATATAAACTTTTAAATATGTTAACAATAAATATTTTATACAAAAAAGAAATATCATAAAGCTT,,
C77,BH5 7/15/20 1,BH5 7/15/20,798,922,Bonnethead,35.07,3,Callinectes sapidus,Callinectes,Callinectes sapidus,Species,Callinectes sapidus,Species,Match,Atlantic blue crab,,,,16G_007_C77_BerryCrust_E09.ab1,267.038,Callinectes sapidus,,,,,,,,TTATTTTTTATTATAATAATGATGATAAGAGAATTTATTTGGTTGGGGCAACCGAAGTATAATTTTAAATAACTGCTATAATTTAATACAATGATTTTTGTCTTATACAATAATTGATCCTCAAAGAGATTAAAGACCAAGTTA,,
C78,BH5 7/15/20 2,BH5 7/15/20,798,922,Bonnethead,0.02,1,Penaeid shrimp,NA,Penaeid shrimp,Family,Callinectes sapidus,Species,Wrong visual,Atlantic blue crab,,,,21G_006_C78_BerryCrust_F07.ab1,267.038,Callinectes sapidus,,,,,,,,TTATTTTTTATTATAATAATGATGATAAGAGAATTTATTTGGTTGGGGCAACCGAAGTATAATTTTAAATAACTGCTATAATTTAATACAATGATTTTTGTCTTATACAATAATTGATCCTCAAAGAGATTAAAGACCAAGTTA,,
C79,BH5 7/15/20 3,BH5 7/15/20,798,922,Bonnethead,0.05,1,Unidentified crab,NA,Unidentified crab,Order,Farfantepenaeus,Genus,Unidentified general,Shrimp,26H_012_C79_M13F-21_D11.ab1,NA,Quality filtered,21G_007_C79_BerryCrust_G07.ab1,274.424,Farfantepenaeus,,,,,,,TTGA,TTATAAATTATTAGTATAACTTGATATTAAGTGGTGTTTGTTGCGTTGGGGCGACGAGAATATAAAAGGTAACTGTTCTTATAACATTTAATAACAGAAATATCTGGAAATTTAATGATCCTTTTTTAAAGATCATAAGATTAAGTTA,,
C8,BN3 6/11/19 8,BN3 6/11/19,872,920,Blacknose,3.14,1,Unidentified teleost,NA,Unidentified teleost,Class,Micropogonias,Genus,Unidentified general,Drums and croakers,26H_010_C8_M13F-21_B11.ab1,NA,Quality filtered,,,,16G_002_C8_MiFish_H08.ab1,252.265,Micropogonias,,,,TGT,,CAACGGCGTAAAGAGTGGTTAGAAGGAAAACCAACTACTAAAGCCGAACGCCTTCAGGGCTGTTATACGCACATGAAGGTGAGAAGCCCACCCACGAAAGTGGCTTTATATCCTTGAATCCACGAAAGCTATGGCA,
C80,BH3 6/26/20 1,BH3 6/26/20,936,1179,Bonnethead,189,4,Callinectes sapidus,Callinectes,Callinectes sapidus,Species,Callinectes sapidus,Species,Match,Atlantic blue crab,,,,16G_006_C80_BerryCrust_D09.ab1,182.092,Callinectes sapidus,,,,,,,,GGCAACCGAAGTATAATTTTAAATAACTGCTATAATTTAATACAATGATTTTTGTCTTATACAATAATTGATCCTCAAAGAGATTAAAGACCAAGTTA,,
C81,BN2 8/24/20 1,BN2 8/24/20,1019,1254,Blacknose,8.62,1,Brown shrimp,Farfantepenaeus,Farfantepenaeus aztecus,Species,Farfantepenaeus,Genus,Too specific,Shrimp,,,,24C_001_C81_BerryCrust_A03.ab1,285.504,Farfantepenaeus,,,,,,,,TTTATATTATAAATTATTAGTATAACTTGATATTAAGTGGTGTTTGTTGCGTTGGGGCGACGAGAATATAAAAGGTAACTGTTCTTATAACATTTAATAACAGAAATATCTGGAAATTTAATGATCCTTTTTTAAAGATCATAAGATTAAGTTA,,
C82,AS9 6/9/20 1,AS9 6/9/20,784,962,Atlantic Sharpnose,3,2,Tunicate,NA,Tunicate,Subphylum,,NA,NA DNA,,,,,,,,,,,,,,,,,
C83,AS11 6/9/20 1,AS11 6/9/20,771,933,Atlantic Sharpnose,9.42,1,Iridescent swimming crab,Achelous,Iridescent swimming crab,Species,Achelous,Genus,Too specific,Swimming crab,,,,24C_002_C83_BerryCrust_B03.ab1,292.891,Achelous,,,,,,,,AAATTTAAAAATTTTATATATTTATCATAAAGATAATTTTTTCAATGTTTATTTGGTTGGGGCGACAAAAGTATAATTTAAAATAACTGCTAGTTTGAAAACACAATAATTTTTGTTTTAAAAAGTAATGGATCCCTTTATGAGGATTAAAAGTTCAAGTTA,,
C84,AS11 6/9/20 4,AS11 6/9/20,771,933,Atlantic Sharpnose,3.52,1,Tunicate,NA,Tunicate,Subphylum,,NA,NA DNA,,,,,,,,,,,,,,,,,
C85,AS11 6/9/20 5,AS11 6/9/20,771,933,Atlantic Sharpnose,5.14,1,Unidentified prey,NA,Unidentified prey,NA,,NA,NA DNA,,,,,,,,16A_003_C85_MiFish_C01.ab1,NA,Quality filtered,,,,,,TTTATTATTTCTAATGTAACTACTA,
C86,AS1 7/15/20 1,AS1 7/15/20,309,383,Atlantic Sharpnose,0.01,1,Unidentified shrimp,NA,Unidentified shrimp,Order,Rimapenaeus constrictus,Species,General,Roughneck shrimp,,,,24C_003_C86_BerryCrust_C03.ab1,292.891,Rimapenaeus constrictus,,,,,,,,AATTAAATTATAAATTGTTAGTTTAATCTTAATTTAATTAGTGTTTGTTTCGTTGGGGCGACGAGAATATAATGTTTTGTAACTGTTCTTTTGTAATTTGTTACAGTTAATAGTTGGTAAAAGATTGATCCTTTATTAAAGATTAAAAGATTAAGTTA,,
C87,AS1 7/15/20 2,AS1 7/15/20,309,383,Atlantic Sharpnose,,,Unidentified teleost,NA,Unidentified teleost,Class,,NA,NA DNA,,,,,,,,,,,,,,,,,
C88,BH2 8/25/20 1,BH2 8/25/20,777,923,Bonnethead,31.17,1,Callinectes sapidus,Callinectes,Callinectes sapidus,Species,Callinectes sapidus,Species,Match,Atlantic blue crab,,,,19Q_002_C88_BerryCrustR_F12.ab1,244.878,Callinectes sapidus,,,,,,,,ATAAGACAAAAATCATTGTATTAAATTATAGCAGTTATTTAAAATTATACTTCGGTTGCCCCAACCAAATAAATTCTCTTATCATCATTATTATAATAAAAAATAAACGAAATTAATAAATTTATAAAGCTT,,
C89,BH2 8/25/20 2,BH2 8/25/20,777,923,Bonnethead,7.57,1,Callinectes sapidus,Callinectes,Callinectes sapidus,Species,Callinectes,Genus,Too specific,Swimming crab,,,,19Q_003_C89_BerryCrustR_G12.ab1,137.772,Callinectes,,,,,,,,GCCCCAACCAAATAAATCTTCTTAACATCATCATTATAAAAAAAATAGAAGAAATTAATAAATTTATAAAGCTT,,
C9,AS4 6/27/19 1,AS4 6/27/19,309,387,Atlantic Sharpnose,0.11,1,Penaeid shrimp,NA,Penaeid shrimp,Family,Rimapenaeus constrictus,Species,General,Roughneck shrimp,,,,21G_001_C9_BerryCrust_A07.ab1,294.738,Rimapenaeus constrictus,,,,,,,,TAATTAAATTATAAATTGTTAGTTTAATCTTAATTTAATTAGTGTTTGTTTCGTTGGGGCGACGAGAATATAATGTTTTGTAACTGTTCTTTTGTAATTTGTTACAGTTAATAGTTGGTAAAAGATTGATCCTTTATTAAAGATTAAAAGATTAAGTTA,,
C90,BH2 8/25/20 3,BH2 8/25/20,777,923,Bonnethead,0.28,1,horseshoe crab,Limulus,horseshoe crab,Family,Callinectes sapidus,Species,Wrong visual,Atlantic blue crab,,,,16A_015_C90_BerryCrust_G02.ab1,204.252,Callinectes sapidus,,,,,,,,AAATTATAGCAGTTATTTAAAATTATACTTCGGTTGCCCCAACCAAATAAATTCTCTTATCATCATTATTATAATAAAAAATAAACGAAATTAATAAATTTATAAAGCTT,,
C91,BH2 6/26/20 1,BH2 6/26/20,755,1000,Bonnethead,71.97,3,Callinectes sapidus,Callinectes,Callinectes sapidus,Species,Callinectes sapidus,Species,Match,Atlantic blue crab,,,,21G_008_C91_BerryCrust_H07.ab1,311.357,Callinectes sapidus,,,,,,,,GCTTTATAAATTTATTAATTTCGTTTATTTTTTATTATAATAATGATGATAAGAGAATTTATTTGGTTGGGGCAACCGAAGTATAATTTTAAATAACTGCTATAATTTAATACAATGATTTTTGTCTTATACAATAATTGATCCTCAAAGAGATTAAAGACCAAGTTA,,
C92,BT2 8/11/20 1,BT2 8/11/20,934,1195,Blacktip,32.92,1,Squid,NA,Teuthoidea,Order,Lolliguncula brevis,Species,General,Atlantic brief squid,,,,,,,,,,20O_001_C92_LCO1490F1_A09.ab1,1027.86,Lolliguncula brevis,,,,CTTCATTAAGATTAATAATTCGTACAGAACTGGGAAAACCTGGCTCACTATTAAATGATGACCAATTATATAACGTAGTAGTAACTGCACATGGCTTTATTATAATTTTTTTCATAGTTATACCTATTATAATTGGAGGATTTGGAAATTGACTTGTCCCTATAATATTAGGTGCACCAGACATAGCTTTTCCTCGAATAAATAATATAAGATTTTGATTACTCCCACCTTCATTAACACTTTTACTTGCTTCATCAGCAGTTGAAAGAGGGGCCGGAACAGGTTGAACAGTATACCCTCCATTATCAAGAAATTTATCTCATGCAGGTCCTTCAGTAGATCTAGCCATTTTCTCCCTTCATCTAGCCGGTATTTCTTCTATCTTAGGTGCTATTAATTTTATTACAACAATTATAAATATACGATGAGAAGGTCTACTAATAGAACGACTATCTTTATTTGTATGATCTGTATTTATTACTGCCATTCTTCTACTTTTATCTTTACCAGTTCTAGCAGGTGCAATTACAATATTACTTACTGATCGTAATTTTAA
C93,BH2 6/1/20 1,BH2 6/1/20,731,923,Bonnethead,38.56,2,Callinectes spp,Callinectes,Callinectes spp,Genus,Callinectes sapidus,Species,General,Atlantic blue crab,,,,24C_004_C93_BerryCrust_D03.ab1,204.252,Callinectes sapidus,,,,,,,,TTATTTGGTTGGGGCAACCGAAGTATAATTTTAAATAACTGCTATAATTTAATACAATGATTTTTGTCTTATACAATAATTGATCCTCAAAGAGATTAAAGACCAAGTTA,,
C94,BH4 6/26/20 1,BH4 6/26/20,749,950,Bonnethead,96.76,3,Callinectes sapidus,Callinectes,Callinectes sapidus,Species,Callinectes sapidus,Species,Match,Atlantic blue crab,,,,16A_004_C94_BerryCrust_D01.ab1,239.338,Callinectes sapidus,,,,,,,,ATAAGACAAAAATCATTGTATTAAATTGTAGCAGTTATTTAAAATTATACTTCGGTTGCCCCAACCAAATAAATTCTCTTATCATCATTATTATAATAAAAAATAAACGAAATTAATAAATTTATAAAGCTT,,
C95,BH4 6/26/20 2,BH4 6/26/20,749,950,Bonnethead,7.17,1,Callinectes spp,Callinectes,Callinectes spp,Genus,Callinectes sapidus,Species,General,Atlantic blue crab,,,,24C_005_C95_BerryCrust_E03.ab1,267.038,Callinectes sapidus,,,,,,,,TTATTTTTTATTATAATAATGATGATAAGAGAATTTATTTGGTTGGGGCAACCGAAGTATAATTTTAAATAACTGCTATAATTTAATACAATGATTTTTGTCTTATACAATAATTGATCCTCAAAGAGATTAAAGACCAAGTTA,,
C96,BH4 6/26/20 3,BH4 6/26/20,749,950,Bonnethead,3.89,1,Ovalipes spp,Ovalipes,Ovalipes spp,Genus,Ovalipes,Genus,Match,Crab,,,,19Q_004_C96_BerryCrustR_H12.ab1,250.418,Ovalipes,,,,,,,,AATATAAACTCAAATACATTTGTTATAAAATAAAGCAGTTACTATTAATTATACCTATGTCGCCCCAACCAAATATGCCTCATAGATTAAATTTTTATAAATTAGTTTAACCAAATCTACTTACATATAAAGCTT,,
C97,BH1 6/1/20 1,BH1 6/1/20,780,1000,Bonnethead,55.11,5,Callinectes sapidus,Callinectes,Callinectes sapidus,Species,Callinectes sapidus,Species,Match,Atlantic blue crab,,,,24C_006_C97_BerryCrust_F03.ab1,267.038,Callinectes sapidus,,,,,,,,TTATTTTTTATTATAATAATGATGATAAGAGAATTTATTTGGTTGGGGCAACCGAAGTATAATTTTAAATAACTGCTATAATTTAATACAATGATTTTTGTCTTATACAATAATTGATCCTCAAAGAGATTAAAGACCAAGTTA,,
C98,BH1 6/1/20 2,BH1 6/1/20,780,1000,Bonnethead,3.31,1,Squilla spp,Squilla,Squilla spp,Genus,Stomatopoda,Order,Too specific,Mantis shrimp,,,,16A_005_C98_BerryCrust_E01.ab1,285.504,Stomatopoda,,,,,,,,TTAATAATGGATCAATTTATTTTCAATTATAATTGTTATAAAAAACAAAAGCAGTTAGTCTTTAATATACTTTTACCGCCCCAGTAAAATAATATAAACTTTTAAATATGTTAACAATAAATATTTTATACAAAAAAGAAATATCATAAAGCTT,,
C99,BH1 6/1/20 3,BH1 6/1/20,780,1000,Bonnethead,0.27,1,Pagurus pollicaris,Pagurus,Pagurus pollicaris,Species,Pagurus pollicaris,Species,Match,Flat-clawed hermit crab,,,,16A_006_C99_BerryCrust_F01.ab1,257.805,Pagurus pollicaris,,,,,,,,CAACCACATTAATCAACAATCATTGATTCAAATTTATAGACAGTTTATTTATATATCTATGCCGCCCCAGCACAACAAAACTATACTTTTATATTTTATAAAATTATAACTTAAAATTTAAAATATAATTTATGTAAAGATT,,